timestamp	task	scope	decision	evidence	result	confidence	follow_up
2026-09-17T00:00:00+07:00	frame	product	Treat the empire as the complete relationship graph Sectors can currently prove; show gaps instead of importing outside claims.	User requires Sectors-only data and the corpus validator rejects non-Sectors hosts.	in_progress	high	Keep every edge source-backed and label discovery limits.
2026-09-17T00:01:00+07:00	discovery	data	Bootstrap from a structured Prajogo shareholder/executive query, then recursively query exact listed-company shareholder names and traverse Sectors mining ownership.	Sectors company screener returned BRPT, CUAN, and TPIA with exact Prajogo holdings; recursive exact-name query returned BREN and CDIA; mining ownership already proves PTRO under CUAN.	passed	high	Encode the traversal in the sync script and cache responses.
2026-09-17T00:02:00+07:00	architecture	implementation	Choose automatic bounded discovery with explicit relationship semantics over a hand-maintained ticker registry.	The screener exposes structured shareholder filters for one credit; exact-name matching avoids the false positive produced by wildcard matching.	passed	high	Stop traversal at a fixed point and preserve uncovered claims as data gaps.
2026-09-17T11:44:00+07:00	boundary_fix	discovery	Generate controlled PT-prefix and punctuation aliases while retaining exact shareholder matching.	Sectors used Barito Pacific Tbk in the company row and PT Barito Pacific Tbk in BREN's shareholder row.	passed	high	Keep wildcard results out of relationship creation.
2026-09-17T11:46:00+07:00	cycle_screen	analytics	Classify valuation stage from P/E direction plus earnings delivery; expose cash conversion and peer premium as separate guardrails.	Six listed Sectors reports contain usable valuation history; the classifier test identifies CUAN as digestion with mixed readiness.	passed	medium	Treat the screen as a research queue, never as a price forecast.
2026-09-17T11:49:00+07:00	verification	full_chain	Validate the generated corpus, PTRO evidence path, pure cycle derivation, static module syntax, cached rerun, and served artifacts.	12 tests passed; corpus validator passed at 14 entities, 14 relationships, 130 facts, 14 sources; cached sync used zero credits; HTML, JS, CSS, and facts returned HTTP 200.	passed	high	Visual browser automation was unavailable; retain live server for user inspection.
2026-09-17T12:00:00+07:00	recursive_discovery	ownership	Replace phased listed discovery with a bounded breadth-first queue seeded by every listed company found through Sectors, including mining results.	A failing regression showed PTRO entered after listed discovery and SINI was skipped; Sectors returns PTRO as a 19.88% SINI holder.	passed	high	Keep the queue capped at depth 6 and 50 companies.
2026-09-17T12:01:00+07:00	kjp_boundary	ownership	Show KJP's 7.9% SINI stake as an unresolved upstream-link gap and do not aggregate it into PTRO.	Sectors lists KJP as a SINI holder but PTRO mining ownership lists only PT Christian Eka Pratama and the mining directory has no KJP record.	passed	high	Add the indirect route only if a future Sectors response proves PTRO to KJP.
2026-09-17T12:28:30+07:00	verification	recursive_discovery	Exercise the bounded parser, queue, cached Sectors sync, generated SINI path, corpus validator, module syntax, and served artifacts.	16 tests passed; the corpus contains Prajogo to CUAN to PTRO to SINI at 19.88%; cached sync used zero credits; served files returned HTTP 200.	passed	high	Browser automation remained unavailable, so retain the live server for visual inspection.
2026-09-17T12:45:00+07:00	kjp_link	ownership	Add KJP to the graph with a proven 7.9% SINI edge and a separate medium-confidence inferred CUAN group link without an ownership percentage.	Sectors SINI ownership names KJP at 7.9%; Sectors news states CUAN is pursuing SINI through subsidiaries but does not name KJP or disclose the upstream percentage.	passed	medium	Replace the inference when Sectors exposes KJP's upstream ownership record.
2026-09-17T12:50:00+07:00	verification	kjp_link	Verify the inferred and proven edges remain distinct in the corpus and presentation rules.	17 tests passed; corpus validation passed at 16 entities and 17 relationships; CUAN to KJP is unpriced and unknown-control, KJP to SINI is 7.9%; prototype returned HTTP 200.	passed	high	Visual browser automation was unavailable; the live prototype remains available for manual inspection.
2026-09-17T13:10:00+07:00	private_entities	ownership	Extract corporate shareholders from every loaded Sectors company report; promote only separately evidenced group entities and retain all others as boundary nodes.	The extractor regression failed before implementation, then passed; cached reports identify KJP at 45.328% of PTRO and 7.9% of SINI plus eight outside corporate shareholders.	passed	high	Keep boundary nodes hidden in the default Empire view and visible under All owners.
2026-09-17T13:11:00+07:00	ownership_conflict	data_quality	Preserve both PTRO ownership records but prohibit aggregation until their dates and legal layers can be reconciled.	Sectors mining ownership reports CUAN at 41.5% of PTRO; PTRO's company report instead lists KJP 45.328%, Caraka 24.449%, and public 30.066%.	passed	high	Surface the discrepancy as a PTRO data gap.
2026-09-17T14:00:00+07:00	group_first	discovery	Seed Prajogo research from Sectors Barito affiliates, confirm membership from company-report conglomerate labels, and keep group membership separate from ownership.	The affiliate query returned BREN, TPIA, BRPT, CUAN, CDIA, PTRO, RATU, and SSIA; SINI re-entered from its Barito Group report label.	passed	high	Use ownership traversal to explain every member or leave an explicit gap.
2026-09-17T14:04:00+07:00	listed_boundaries	ownership	Retain listed upstream shareholders outside the group as boundary nodes rather than dropping them or promoting them into the empire.	RATU reports RAJA at 68.68%; NRCA reports SRTG at 5.98%; neither owner is established as a Barito member by the loaded Sectors evidence.	passed	high	Load boundary-company reports only when their role becomes material.
2026-09-17T14:08:00+07:00	verification	group_first	Verify group reconciliation, ownership-only paths, upstream listed boundaries, regenerated corpus, syntax, and served data.	22 tests passed; validation passed at 39 entities, 48 relationships, 219 facts, and 21 sources; cached rerun used zero credits.	passed	high	Browser automation was unavailable; inspect the live graph manually.
